801-810-5373,"Hi Kent, 
How's it going? I'm just doing this as a test. I hope you didn't get this!",Message for Kent,Kent
kentcdodds@ldschurch.org,"Hi Joe, 
How's it going? I'm just doing this as a test. I hope you didn't get this!",Message for Joe,Joe
(801) 810-5373,"Hi Harry, 
How's it going? I'm just doing this as a test. I hope you didn't get this!",Message for Harry,Harry
(801) 810-5373,"Hi Ron, 
How's it going? I'm just doing this as a test. I hope you didn't get this!",Message for Ron,Ron
kentcdodds@ldschurch.org,"Hi Hagrid, 
How's it going? I'm just doing this as a test. I hope you didn't get this!",Message for Hagrid,Hagrid
(801) 810-5373,"Hi Luke, 
How's it going? I'm just doing this as a test. I hope you didn't get this!",Message for Luke,Luke
kentcdodds@ldschurch.org,"Hi Jed, 
How's it going? I'm just doing this as a test. I hope you didn't get this!",Message for Jed,Jed
(801) 810-5373,"Hi Jared, 
How's it going? I'm just doing this as a test. I hope you didn't get this!",Message for Jared,Jared
(801) 810-5373,"Hi Chris, 
How's it going? I'm just doing this as a test. I hope you didn't get this!",Message for Chris,Chris
kentcdodds@ldschurch.org,"Hi Jon, 
How's it going? I'm just doing this as a test. I hope you didn't get this!",Message for Jon,Jon
(801) 810-5373,"Hi Fred, 
How's it going? I'm just doing this as a test. I hope you didn't get this!",Message for Fred,Fred
(801) 810-5373,"Hi George, 
How's it going? I'm just doing this as a test. I hope you didn't get this!",Message for George,George
kentcdodds@ldschurch.org,"Hi Tyler, 
How's it going? I'm just doing this as a test. I hope you didn't get this!",Message for Tyler,Tyler
(801) 810-5373,"Hi Mark, 
How's it going? I'm just doing this as a test. I hope you didn't get this!",Message for Mark,Mark
